geo,is--country,time,International migrant stock
abw,true,1960,16.04105274
afg,true,1960,0.483218534
ago,true,1960,2.436135474
aia,true,1960,8.203125
alb,true,1960,3.036263671
and,true,1960,18.66636765
ant,true,1960,20.16836693
are,true,1960,2.431455992
arg,true,1960,12.57529099
asm,true,1960,11.86246703
atg,true,1960,8.906290022
aus,true,1960,16.52400585
aut,true,1960,11.45371178
bdi,true,1960,4.295971534
bel,true,1960,4.823070521
ben,true,1960,1.499179217
bfa,true,1960,1.333347173
bgd,true,1960,1.2217082
bgr,true,1960,0.257976095
bhr,true,1960,17.12424413
bhs,true,1960,10.33435482
blz,true,1960,8.210780353
bmu,true,1960,19.5665787
bol,true,1960,1.274277023
bra,true,1960,1.920599132
brb,true,1960,4.231299477
brn,true,1960,25.13691932
btn,true,1960,4.319854993
bwa,true,1960,1.374164411
caf,true,1960,2.868951424
can,true,1960,15.44643816
chanisl,true,1960,30.44177948
che,true,1960,13.40473542
cheslo,true,1960,0.439141293
chl,true,1960,1.370556105
chn,true,1960,0.038035866
civ,true,1960,22.26627306
cmr,true,1960,3.243903328
cod,true,1960,6.544857981
cog,true,1960,2.601887914
cok,true,1960,4.261145799
col,true,1960,0.366572281
com,true,1960,0.780638912
cpv,true,1960,3.367948215
cri,true,1960,2.450659608
cub,true,1960,2.011100148
cym,true,1960,11.24427212
cyp,true,1960,5.163910394
deu,true,1960,
deu_east,true,1960,1.879548655
deu_west,true,1960,3.020661852
dji,true,1960,13.86388274
dma,true,1960,4.038048896
dnk,true,1960,2.051714048
dom,true,1960,4.316878202
dza,true,1960,3.985621477
ecu,true,1960,0.541949324
egy,true,1960,0.763993232
eri,true,1960,0.541093004
esh,true,1960,2.78624558
esp,true,1960,0.692483729
eth,true,1960,1.743920259
fin,true,1960,0.724243629
fji,true,1960,5.096003756
flk,true,1960,19.7761194
fra,true,1960,7.678820426
fro,true,1960,4.337314302
fsm,true,1960,13.13153995
gab,true,1960,4.296012008
gbm,true,1960,45.85408186
gbr,true,1960,3.173237911
gha,true,1960,7.802954051
gib,true,1960,30.5666004
gin,true,1960,0.362286353
glp,true,1960,3.403816025
gmb,true,1960,9.926192993
gnb,true,1960,1.959995421
gnq,true,1960,7.67653126
grc,true,1960,0.629927477
grd,true,1960,4.46445466
grl,true,1960,7.935924531
gtm,true,1960,1.045949418
guf,true,1960,24.64276915
gum,true,1960,45.97099472
guy,true,1960,2.468777485
hkg,true,1960,52.92476953
hnd,true,1960,2.996790223
hos,true,1960,100
hti,true,1960,0.375588335
hun,true,1960,5.189671918
idn,true,1960,1.998178148
ind,true,1960,2.099095029
irl,true,1960,2.57653766
irn,true,1960,0.222883841
irq,true,1960,1.170496738
isl,true,1960,1.884680508
isr,true,1960,56.08144672
ita,true,1960,0.928186486
jam,true,1960,1.344613749
jor,true,1960,43.05214726
jpn,true,1960,0.743278644
ken,true,1960,0.73208574
khm,true,1960,7.01729297
kir,true,1960,1.849942379
kna,true,1960,6.908338053
kor,true,1960,0.540722464
kwt,true,1960,32.60282252
lao,true,1960,0.924929404
lbn,true,1960,8.0192853
lbr,true,1960,2.72175229
lby,true,1960,3.573747743
lca,true,1960,2.72015112
lie,true,1960,24.57729469
lka,true,1960,10.03523803
lso,true,1960,0.371716213
lux,true,1960,14.7680588
mac,true,1960,46.24988413
mar,true,1960,3.39188056
mco,true,1960,69.48585886
mdg,true,1960,2.475066204
mdv,true,1960,1.728916458
mex,true,1960,0.588877787
mhl,true,1960,5.769624224
mli,true,1960,3.312335072
mlt,true,1960,0.54871619
mmr,true,1960,1.359722364
mng,true,1960,0.384201036
mnp,true,1960,26.48529706
moz,true,1960,0.117040136
mrt,true,1960,1.403225394
msr,true,1960,8.001322533
mtq,true,1960,2.621017108
mus,true,1960,1.550812669
mwi,true,1960,8.436337545
mys,true,1960,0.698921
myt,true,1960,5.353193975
nam,true,1960,4.51805779
ncl,true,1960,14.07509968
ner,true,1960,1.696940306
nga,true,1960,0.208498683
nic,true,1960,0.69785684
niu,true,1960,4.904006678
nld,true,1960,3.888172259
nor,true,1960,1.719939525
npl,true,1960,3.483856482
nru,true,1960,9.252990296
nzl,true,1960,14.075
omn,true,1960,7.722953035
pak,true,1960,13.01889887
pan,true,1960,6.06426954
pcn,true,1960,6.896551724
per,true,1960,0.669826503
phl,true,1960,0.811896751
plw,true,1960,3.283767038
png,true,1960,0.970401994
pol,true,1960,8.181785453
pri,true,1960,2.714767414
prk,true,1960,0.229041685
prt,true,1960,0.439153494
pry,true,1960,2.622385873
pse,true,1960,44.5315445
pyf,true,1960,4.619709078
qat,true,1960,32
reu,true,1960,3.348703944
rou,true,1960,1.797566143
rwa,true,1960,0.988120116
sau,true,1960,1.555660593
sdn,true,1960,2.071274749
sen,true,1960,5.451693685
sgp,true,1960,31.77760098
shn,true,1960,2.765463373
slb,true,1960,3.140480498
sle,true,1960,2.037423993
slv,true,1960,1.241852663
smr,true,1960,48.85758795
som,true,1960,0.402846031
spm,true,1960,5.408702725
stp,true,1960,11.57336073
sur,true,1960,7.745862069
swe,true,1960,3.952111771
swz,true,1960,4.85317874
syc,true,1960,1.944048222
syr,true,1960,5.974117711
tca,true,1960,3.144654088
tcd,true,1960,1.856262357
tgo,true,1960,6.466512555
tha,true,1960,1.753989544
tkl,true,1960,5.74650913
tls,true,1960,1.428171828
ton,true,1960,0.177004096
tto,true,1960,9.610619154
tun,true,1960,4.00886014
tur,true,1960,3.356480006
tuv,true,1960,6.092368162
tza,true,1960,4.735756752
uga,true,1960,11.37012068
ury,true,1960,7.56870941
usa,true,1960,5.810024639
ussr,true,1960,1.372569355
vct,true,1960,3.08106639
ven,true,1960,6.721427068
vgb,true,1960,8.123284253
vir,true,1960,36.9897021
vnm,true,1960,0.011917362
vut,true,1960,4.437202306
wlf,true,1960,0.408830744
wsm,true,1960,3.120564795
yem,true,1960,3.047600445
yug,true,1960,0.851403606
zaf,true,1960,5.332435987
zmb,true,1960,11.85295484
zwe,true,1960,10.32078501
abw,true,1965,14.23775964
afg,true,1965,0.466796348
ago,true,1965,1.399976641
aia,true,1965,10.16563819
alb,true,1965,2.749229655
and,true,1965,37.68686923
ant,true,1965,17.38738185
are,true,1965,18.01358941
arg,true,1965,10.78062342
asm,true,1965,17.61872571
atg,true,1965,9.440741343
aus,true,1965,17.82823429
aut,true,1965,10.25032282
bdi,true,1965,5.746676021
bel,true,1965,6.421336488
ben,true,1965,1.564659997
bfa,true,1965,1.465576991
bgd,true,1965,1.124496821
bgr,true,1965,0.253324712
bhr,true,1965,20.07946562
bhs,true,1965,13.35089343
blz,true,1965,8.264857277
bmu,true,1965,22.69200057
bol,true,1965,1.252462892
bra,true,1965,1.559239595
brb,true,1965,4.865221088
brn,true,1965,25.40243117
btn,true,1965,4.400012523
bwa,true,1965,1.453293124
caf,true,1965,2.784941598
can,true,1965,15.34988938
chanisl,true,1965,34.34896103
che,true,1965,15.14681733
cheslo,true,1965,0.449204498
chl,true,1965,1.127632339
chn,true,1965,0.036366041
civ,true,1965,22.63294245
cmr,true,1965,3.108409323
cod,true,1965,7.555246751
cog,true,1965,2.972783837
cok,true,1965,4.892192525
col,true,1965,0.403669264
com,true,1965,1.008110147
cpv,true,1965,3.037239271
cri,true,1965,2.025980917
cub,true,1965,1.717966172
cym,true,1965,13.17921573
cyp,true,1965,5.578357696
deu,true,1965,
deu_east,true,1965,1.153985504
deu_west,true,1965,3.508408179
dji,true,1965,13.61209431
dma,true,1965,3.629256485
dnk,true,1965,2.100757503
dom,true,1965,4.252128076
dza,true,1965,1.747034996
ecu,true,1965,0.637903397
egy,true,1965,0.659160131
eri,true,1965,0.510467486
esh,true,1965,2.300971827
esp,true,1965,0.849138921
eth,true,1965,1.505725136
fin,true,1965,0.705433521
fji,true,1965,3.869472913
flk,true,1965,13.44578313
fra,true,1965,9.118537668
fro,true,1965,4.711567502
fsm,true,1965,10.65076296
gab,true,1965,5.785392432
gbm,true,1965,47.23028615
gbr,true,1965,4.67698718
gha,true,1965,5.442676525
gib,true,1965,32.14614548
gin,true,1965,0.400214792
glp,true,1965,4.384282384
gmb,true,1965,10.58177702
gnb,true,1965,1.994969962
gnq,true,1965,5.186540982
grc,true,1965,0.803496197
grd,true,1965,3.75305352
grl,true,1965,10.88614051
gtm,true,1965,1.006385929
guf,true,1965,30.22684547
gum,true,1965,45.03958583
guy,true,1965,2.085891473
hkg,true,1965,45.96084562
hnd,true,1965,1.606803767
hos,true,1965,100
hti,true,1965,0.297478218
hun,true,1965,4.688240857
idn,true,1965,1.418681836
ind,true,1965,1.88164938
irl,true,1965,3.282248245
irn,true,1965,0.216030482
irq,true,1965,0.911257279
isl,true,1965,2.3515625
isr,true,1965,50.38444429
ita,true,1965,1.222968866
jam,true,1965,1.362950071
jor,true,1965,40.99076463
jpn,true,1965,0.727014512
ken,true,1965,1.069036133
khm,true,1965,6.083706592
kir,true,1965,1.588642001
kna,true,1965,6.306782382
kor,true,1965,0.550009253
kwt,true,1965,51.12717242
lao,true,1965,0.844918846
lbn,true,1965,7.982431765
lbr,true,1965,3.050788895
lby,true,1965,3.47012562
lca,true,1965,2.781149182
lie,true,1965,28.47370671
lka,true,1965,9.175478339
lso,true,1965,0.389202601
lux,true,1965,15.7312861
mac,true,1965,42.14873664
mar,true,1965,1.674052391
mco,true,1965,67.07987164
mdg,true,1965,1.706893186
mdv,true,1965,1.654729109
mex,true,1965,0.463401362
mhl,true,1965,5.41603981
mli,true,1965,3.005274202
mlt,true,1965,2.072137941
mmr,true,1965,1.189056565
mng,true,1965,0.372297824
mnp,true,1965,27.97781415
moz,true,1965,0.094699194
mrt,true,1965,1.567789921
msr,true,1965,9.82346482
mtq,true,1965,3.462427746
mus,true,1965,1.395038829
mwi,true,1965,7.42410233
mys,true,1965,2.154015831
myt,true,1965,6.458408769
nam,true,1965,5.049713151
ncl,true,1965,19.3044697
ner,true,1965,1.697265748
nga,true,1965,0.241780075
nic,true,1965,0.730948867
niu,true,1965,5.752926928
nld,true,1965,2.779099707
nor,true,1965,1.859145351
npl,true,1965,3.227062405
nru,true,1965,16.57949791
nzl,true,1965,14.69347079
omn,true,1965,8.155795284
pak,true,1965,10.50081912
pan,true,1965,4.836546135
pcn,true,1965,7.766990291
per,true,1965,0.583289945
phl,true,1965,0.695445337
plw,true,1965,3.506112006
png,true,1965,1.384513232
pol,true,1965,7.154306404
pri,true,1965,4.298872282
prk,true,1965,0.215818027
prt,true,1965,0.698731069
pry,true,1965,2.591777881
pse,true,1965,45.44165166
pyf,true,1965,5.901420433
qat,true,1965,48.70142857
reu,true,1965,3.206726141
rou,true,1965,1.729865581
rwa,true,1965,1.044243173
sau,true,1965,3.250989862
sdn,true,1965,1.788765819
sen,true,1965,4.924776479
sgp,true,1965,27.92365028
shn,true,1965,3.730056059
slb,true,1965,2.834685783
sle,true,1965,2.40437431
slv,true,1965,1.062014718
smr,true,1965,44.30793961
som,true,1965,0.382812791
spm,true,1965,8.734052993
stp,true,1965,11.19238307
sur,true,1965,5.759233226
swe,true,1965,5.090339375
swz,true,1965,8.892890898
syc,true,1965,2.921276126
syr,true,1965,5.916720151
tca,true,1965,5.133180455
tcd,true,1965,1.750417907
tgo,true,1965,7.084955135
tha,true,1965,1.27335237
tkl,true,1965,6.637884512
tls,true,1965,1.404486702
ton,true,1965,0.285268769
tto,true,1965,7.80945135
tun,true,1965,1.649157667
tur,true,1965,2.896752305
tuv,true,1965,5.321800323
tza,true,1965,4.163113507
uga,true,1965,11.32878812
ury,true,1965,7.237022037
usa,true,1965,5.692803321
ussr,true,1965,1.306074541
vct,true,1965,2.781267448
ven,true,1965,6.192401155
vgb,true,1965,16.61748014
vir,true,1965,41.00630959
vnm,true,1965,0.011065866
vut,true,1965,4.105985155
wlf,true,1965,0.694067889
wsm,true,1965,2.711688148
yem,true,1965,3.053822158
yug,true,1965,0.814966329
zaf,true,1965,4.770188976
zmb,true,1965,9.204460462
zwe,true,1965,10.15123911
abw,true,1970,13.15108066
afg,true,1970,0.448076134
ago,true,1970,0.799852973
aia,true,1970,12.54253016
alb,true,1970,2.530671723
and,true,1970,55.18798227
ant,true,1970,14.98975242
are,true,1970,29.30202537
arg,true,1970,9.24650252
asm,true,1970,26.45834854
atg,true,1970,9.989308521
aus,true,1970,19.29959252
aut,true,1970,9.063586104
bdi,true,1970,4.093354205
bel,true,1970,7.218926483
ben,true,1970,1.623417259
bfa,true,1970,1.592828509
bgd,true,1970,1.050890253
bgr,true,1970,0.249588554
bhr,true,1970,17.28219632
bhs,true,1970,18.21330945
blz,true,1970,8.312884686
bmu,true,1970,27.5453035
bol,true,1970,1.225051555
bra,true,1970,1.283275898
brb,true,1970,5.620918865
brn,true,1970,25.36893399
btn,true,1970,4.388284024
bwa,true,1970,1.501751611
caf,true,1970,2.672965092
can,true,1970,14.97156471
chanisl,true,1970,38.65159884
che,true,1970,17.66637077
cheslo,true,1970,0.463702925
chl,true,1970,0.942843451
chn,true,1970,0.034365302
civ,true,1970,22.77700505
cmr,true,1970,2.944598988
cod,true,1970,7.022682542
cog,true,1970,3.359098098
cok,true,1970,5.517144726
col,true,1970,0.373097107
com,true,1970,1.518481015
cpv,true,1970,2.73875089
cri,true,1970,1.39574143
cub,true,1970,1.491078543
cym,true,1970,15.75601033
cyp,true,1970,5.607380897
deu,true,1970,
deu_east,true,1970,0.697845977
deu_west,true,1970,4.168653865
dji,true,1970,13.26864046
dma,true,1970,3.18606233
dnk,true,1970,2.382786608
dom,true,1970,4.245745303
dza,true,1970,1.229061098
ecu,true,1970,0.749925907
egy,true,1970,0.57207103
eri,true,1970,0.481645391
esh,true,1970,1.927365195
esp,true,1970,1.05311167
eth,true,1970,1.363063616
fin,true,1970,0.705406298
fji,true,1970,3.150850272
flk,true,1970,7.02106319
fra,true,1970,10.26243429
fro,true,1970,5.113886088
fsm,true,1970,8.615244359
gab,true,1970,7.629868903
gbm,true,1970,45.54530676
gbr,true,1970,5.292358327
gha,true,1970,4.027425208
gib,true,1970,35.71962985
gin,true,1970,0.439163222
glp,true,1970,5.191233777
gmb,true,1970,11.2335579
gnb,true,1970,2.028170041
gnq,true,1970,3.46854205
grc,true,1970,1.018673713
grd,true,1970,3.326447375
grl,true,1970,15.56072452
gtm,true,1970,0.752191663
guf,true,1970,32.29984383
gum,true,1970,44.23875777
guy,true,1970,1.7924128
hkg,true,1970,43.52231939
hnd,true,1970,0.76647133
hos,true,1970,100
hti,true,1970,0.236155415
hun,true,1970,4.230229981
idn,true,1970,1.000864096
ind,true,1970,1.660419147
irl,true,1970,4.415166714
irn,true,1970,0.299133487
irq,true,1970,0.73331347
isl,true,1970,2.407631516
isr,true,1970,48.61430942
ita,true,1970,1.616506827
jam,true,1970,1.396465711
jor,true,1970,32.75938459
jpn,true,1970,0.694259198
ken,true,1970,1.413911961
khm,true,1970,4.934018411
kir,true,1970,1.337343084
kna,true,1970,6.094435903
kor,true,1970,0.572117942
kwt,true,1970,62.2586193
lao,true,1970,0.768372527
lbn,true,1970,7.812601065
lbr,true,1970,3.468655535
lby,true,1970,6.126730191
lca,true,1970,2.817293211
lie,true,1970,32.84155309
lka,true,1970,8.669428994
lso,true,1970,0.407144441
lux,true,1970,17.29090995
mac,true,1970,38.39892253
mar,true,1970,0.823945403
mco,true,1970,65.55785386
mdg,true,1970,1.109103666
mdv,true,1970,1.578253707
mex,true,1970,0.376359835
mhl,true,1970,5.075270926
mli,true,1970,2.725709824
mlt,true,1970,3.435973162
mmr,true,1970,1.032412223
mng,true,1970,0.358462046
mnp,true,1970,27.51615882
moz,true,1970,0.082454243
mrt,true,1970,1.754179912
msr,true,1970,11.94183946
mtq,true,1970,4.078980516
mus,true,1970,1.272745315
mwi,true,1970,6.473717552
mys,true,1970,6.784820647
myt,true,1970,7.399836468
nam,true,1970,5.591347688
ncl,true,1970,22.2101955
ner,true,1970,1.694206013
nga,true,1970,0.279514869
nic,true,1970,0.870782771
niu,true,1970,7.424182749
nld,true,1970,2.004843493
nor,true,1970,2.024741946
npl,true,1970,2.904967703
nru,true,1970,24.59167951
nzl,true,1970,14.52143693
omn,true,1970,8.411595476
pak,true,1970,8.268096439
pan,true,1970,3.885798234
pcn,true,1970,8.888888889
per,true,1970,0.508574695
phl,true,1970,0.594615239
plw,true,1970,3.821542837
png,true,1970,1.948357846
pol,true,1970,6.39241069
pri,true,1970,6.956487485
prk,true,1970,0.200522617
prt,true,1970,1.170828151
pry,true,1970,2.940389313
pse,true,1970,53.34831391
pyf,true,1970,7.390504365
qat,true,1970,61.38417318
reu,true,1970,3.527544765
rou,true,1970,1.401488337
rwa,true,1970,0.9470493
sau,true,1970,6.214314076
sdn,true,1970,1.861665361
sen,true,1970,4.219573138
sgp,true,1970,25.58916148
shn,true,1970,4.497568882
slb,true,1970,2.541887619
sle,true,1970,2.833085478
slv,true,1970,0.869492245
smr,true,1970,41.24022929
som,true,1970,0.362253824
spm,true,1970,10.5755132
stp,true,1970,9.607496944
sur,true,1970,4.376613295
swe,true,1970,6.554314963
swz,true,1970,7.577188994
syc,true,1970,4.780526888
syr,true,1970,5.772406216
tca,true,1970,8.328893625
tcd,true,1970,1.652882462
tgo,true,1970,6.796230335
tha,true,1970,0.934198659
tkl,true,1970,9.044908286
tls,true,1970,1.374041761
ton,true,1970,0.46789812
tto,true,1970,6.231028555
tun,true,1970,1.003237565
tur,true,1970,1.039548778
tuv,true,1970,4.864346396
tza,true,1970,3.714315441
uga,true,1970,10.04834218
ury,true,1970,5.692571529
usa,true,1970,5.716397432
ussr,true,1970,1.27379843
vct,true,1970,2.534962136
ven,true,1970,5.494798347
vgb,true,1970,32.40929474
vir,true,1970,52.6074266
vnm,true,1970,0.010333734
vut,true,1970,3.841279807
wlf,true,1970,1.335748245
wsm,true,1970,2.369445186
yem,true,1970,3.082984025
yug,true,1970,0.803018918
zaf,true,1970,4.272949411
zmb,true,1970,7.334343745
zwe,true,1970,9.589433022
abw,true,1975,12.31202211
abw,true,1975,11.63898227
afg,true,1975,0.427974784
afg,true,1975,0.423217269
ago,true,1975,0.450721776
ago,true,1975,1.1445245
aia,true,1975,15.29605263
aia,true,1975,17.57557795
alb,true,1975,2.366543499
alb,true,1975,2.235989967
and,true,1975,60.13238618
and,true,1975,69.08818172
ant,true,1975,13.44524669
ant,true,1975,12.05977197
are,true,1975,58.9401712
are,true,1975,70.77216312
arg,true,1975,7.935421583
arg,true,1975,6.822516773
asm,true,1975,35.98619362
asm,true,1975,41.78141136
atg,true,1975,10.40269336
atg,true,1975,12.61759823
aus,true,1975,19.51962739
aus,true,1975,19.70992741
aut,true,1975,9.514246754
aut,true,1975,9.537385952
bdi,true,1975,3.796896045
bdi,true,1975,5.418672217
bel,true,1975,8.38734002
bel,true,1975,9.125426421
ben,true,1975,1.620589199
ben,true,1975,1.613232155
bfa,true,1975,1.723818948
bfa,true,1975,2.48437819
bgd,true,1975,0.972286657
bgd,true,1975,0.889990202
bgr,true,1975,0.246688743
bgr,true,1975,0.244980103
bhr,true,1975,22.09768403
bhr,true,1975,29.81754885
bhs,true,1975,14.41189086
bhs,true,1975,11.45976612
blz,true,1975,8.190261119
blz,true,1975,9.637959331
bmu,true,1975,26.41519864
bmu,true,1975,25.31399415
bol,true,1975,1.191629035
bol,true,1975,1.091874394
bra,true,1975,1.082552047
bra,true,1975,0.915021316
brb,true,1975,6.454029798
brb,true,1975,7.498965785
brn,true,1975,25.51820641
brn,true,1975,26.40912199
btn,true,1975,4.24225993
btn,true,1975,4.173036058
bwa,true,1975,1.530044885
bwa,true,1975,1.526418429
caf,true,1975,2.579251721
caf,true,1975,2.43987045
can,true,1975,15.20094915
can,true,1975,15.54305329
chanisl,true,1975,39.49694032
chanisl,true,1975,40.6386932
che,true,1975,17.1847397
che,true,1975,16.86625077
cheslo,true,1975,0.472944409
cheslo,true,1975,0.481226656
chl,true,1975,0.825267496
chl,true,1975,0.732495868
chn,true,1975,0.032757332
chn,true,1975,0.031724431
civ,true,1975,21.01659678
civ,true,1975,18.06176971
cmr,true,1975,2.756884737
cmr,true,1975,2.545837173
cod,true,1975,5.199304422
cod,true,1975,4.432701274
cog,true,1975,3.765334269
cog,true,1975,4.19721141
cok,true,1975,7.494740962
cok,true,1975,11.97793538
col,true,1975,0.353778333
col,true,1975,0.337841871
com,true,1975,2.624728209
com,true,1975,4.456872799
cpv,true,1975,2.76596051
cpv,true,1975,2.793605134
cri,true,1975,1.421432348
cri,true,1975,2.923273699
cub,true,1975,0.988684014
cub,true,1975,0.68132448
cym,true,1975,23.28351415
cym,true,1975,32.88694753
cyp,true,1975,6.009205032
cyp,true,1975,6.361349393
deu,true,1975,
deu,true,1975,
deu_east,true,1975,0.672332353
deu_east,true,1975,0.643959408
deu_west,true,1975,6.43017794
deu_west,true,1975,7.157180991
dji,true,1975,12.92597522
dji,true,1975,23.59546266
dma,true,1975,2.81596844
dma,true,1975,2.432713633
dnk,true,1975,2.740864181
dnk,true,1975,3.196722095
dom,true,1975,4.100095939
dom,true,1975,4.021950952
dza,true,1975,1.000655879
dza,true,1975,0.98342998
ecu,true,1975,0.858435498
ecu,true,1975,0.883363143
egy,true,1975,0.495136227
egy,true,1975,0.425109362
eri,true,1975,0.45310601
eri,true,1975,0.418120753
esh,true,1975,1.948329812
esh,true,1975,1.438532989
esp,true,1975,1.304488077
esp,true,1975,1.623778776
eth,true,1975,1.190128492
eth,true,1975,1.141507415
fin,true,1975,0.750345118
fin,true,1975,0.811563965
fji,true,1975,2.616515768
fji,true,1975,2.213297142
flk,true,1975,7.336108221
flk,true,1975,14.50832886
fra,true,1975,10.56667616
fra,true,1975,10.91874033
fro,true,1975,5.589605295
fro,true,1975,6.052649762
fsm,true,1975,7.972758948
fsm,true,1975,6.225499603
gab,true,1975,10.39703513
gab,true,1975,13.91235965
gbm,true,1975,45.69863284
gbm,true,1975,46.10716651
gbr,true,1975,5.598811393
gbr,true,1975,5.961023593
gha,true,1975,3.847594908
gha,true,1975,3.81504531
gib,true,1975,35.84697793
gib,true,1975,35.30370531
gin,true,1975,0.510697015
gin,true,1975,0.544022504
glp,true,1975,6.307762557
glp,true,1975,9.352832676
gmb,true,1975,11.63664897
gmb,true,1975,12.23300057
gnb,true,1975,1.805418701
gnb,true,1975,1.539274894
gnq,true,1975,3.058764229
gnq,true,1975,2.385739116
grc,true,1975,1.3648527
grc,true,1975,1.781228195
grd,true,1975,3.006330826
grd,true,1975,2.764002744
grl,true,1975,17.2851208
grl,true,1975,17.56692161
gtm,true,1975,0.615542129
gtm,true,1975,0.598956284
guf,true,1975,30.65611264
guf,true,1975,33.95681978
gum,true,1975,46.02327532
gum,true,1975,47.85215629
guy,true,1975,1.223493695
guy,true,1975,0.819891815
hkg,true,1975,42.87031453
hkg,true,1975,41.68995898
hnd,true,1975,0.464580485
hnd,true,1975,0.90155926
hos,true,1975,100
hos,true,1975,100
hti,true,1975,0.235580603
hti,true,1975,0.24771316
hun,true,1975,3.814279014
hun,true,1975,3.446555826
idn,true,1975,0.706882397
idn,true,1975,0.51633275
ind,true,1975,1.459471325
ind,true,1975,1.277070403
irl,true,1975,5.395487819
irl,true,1975,6.563894903
irn,true,1975,0.471353459
irn,true,1975,1.412310292
irq,true,1975,0.592687439
irq,true,1975,0.490780065
isl,true,1975,2.421215332
isl,true,1975,2.526735624
isr,true,1975,43.06533371
isr,true,1975,38.01866733
ita,true,1975,1.824334161
ita,true,1975,1.969287237
jam,true,1975,1.222077482
jam,true,1975,1.08672468
jor,true,1975,34.88600724
jor,true,1975,36.41505449
jpn,true,1975,0.690154025
jpn,true,1975,0.687039277
ken,true,1975,1.190628606
ken,true,1975,0.983255713
khm,true,1975,0.205007185
khm,true,1975,0.061767987
kir,true,1975,1.589821841
kir,true,1975,2.993661985
kna,true,1975,6.016396034
kna,true,1975,6.033224439
kor,true,1975,0.879213352
kor,true,1975,1.411690084
kwt,true,1975,65.98314646
kwt,true,1975,70.2832302
lao,true,1975,0.696704956
lao,true,1975,0.833662031
lbn,true,1975,7.619008306
lbn,true,1975,8.667571847
lbr,true,1975,3.890203016
lbr,true,1975,4.225732641
lby,true,1975,9.059124088
lby,true,1975,10.13901404
lca,true,1975,2.928432283
lca,true,1975,2.992100651
lie,true,1975,34.69072165
lie,true,1975,36.90244773
lka,true,1975,6.423912451
lka,true,1975,4.39528384
lso,true,1975,0.4329637
lso,true,1975,0.822233883
lux,true,1975,19.51715531
lux,true,1975,23.13583664
mac,true,1975,42.5971531
mac,true,1975,47.25392014
mar,true,1975,0.522849039
mar,true,1975,0.353300366
mco,true,1975,64.7875005
mco,true,1975,66.97856349
mdg,true,1975,0.714703902
mdg,true,1975,0.592463302
mdv,true,1975,1.496733407
mdv,true,1975,1.407354932
mex,true,1975,0.381176778
mex,true,1975,0.427252153
mhl,true,1975,4.472943384
mhl,true,1975,4.137231816
mli,true,1975,2.47043654
mli,true,1975,2.248365402
mlt,true,1975,2.663844166
mlt,true,1975,1.947699351
mmr,true,1975,0.889566461
mmr,true,1975,0.560323152
mng,true,1975,0.343720248
mng,true,1975,0.330662299
mnp,true,1975,27.69630716
mnp,true,1975,28.70904442
moz,true,1975,0.348691223
moz,true,1975,0.863453959
mrt,true,1975,1.968204362
mrt,true,1975,2.210521416
msr,true,1975,12.15183424
msr,true,1975,12.42340301
mtq,true,1975,4.62652627
mtq,true,1975,7.04237444
mus,true,1975,1.143331816
mus,true,1975,1.002655183
mwi,true,1975,5.494396979
mwi,true,1975,4.623199476
mys,true,1975,5.856688126
mys,true,1975,5.733522598
myt,true,1975,8.737584887
myt,true,1975,10.4589794
nam,true,1975,6.098768785
nam,true,1975,6.901322691
ncl,true,1975,24.90498131
ncl,true,1975,23.69077481
ner,true,1975,1.69500117
ner,true,1975,1.692502033
nga,true,1975,1.101477611
nga,true,1975,1.764349482
nic,true,1975,0.810385804
nic,true,1975,0.78551548
niu,true,1975,10.32181168
niu,true,1975,13.17002882
nld,true,1975,2.515320499
nld,true,1975,3.469842135
nor,true,1975,2.460427339
nor,true,1975,3.016628317
npl,true,1975,2.241478413
npl,true,1975,1.668137472
nru,true,1975,37.27710161
nru,true,1975,42.9907791
nzl,true,1975,15.98571961
nzl,true,1975,14.94650931
omn,true,1975,8.214666617
omn,true,1975,12.29896896
pak,true,1975,6.421234246
pak,true,1975,6.067754725
pan,true,1975,3.061854791
pan,true,1975,2.455364696
pcn,true,1975,10.14492754
pcn,true,1975,7.936507937
per,true,1975,0.442467693
per,true,1975,0.386381241
phl,true,1975,0.38546845
phl,true,1975,0.279430096
plw,true,1975,4.155585106
plw,true,1975,4.745956543
png,true,1975,1.524370565
png,true,1975,1.065577665
pol,true,1975,5.315206114
pol,true,1975,4.342447732
pri,true,1975,7.725159929
pri,true,1975,8.492016318
prk,true,1975,0.188805575
prk,true,1975,0.183232073
prt,true,1975,1.806570692
prt,true,1975,2.718968209
pry,true,1975,3.597889369
pry,true,1975,4.556124617
pse,true,1975,49.87450759
pse,true,1975,46.87987958
pyf,true,1975,9.438628117
pyf,true,1975,11.92248893
qat,true,1975,69.62826213
qat,true,1975,72.09926692
reu,true,1975,4.933946246
reu,true,1975,6.42425607
rou,true,1975,1.125129659
rou,true,1975,0.906722548
rwa,true,1975,1.059673168
rwa,true,1975,1.021630025
sau,true,1975,12.80893168
sau,true,1975,19.99586855
sdn,true,1975,1.839447208
sdn,true,1975,3.503400324
sen,true,1975,3.166903109
sen,true,1975,2.113695783
sgp,true,1975,23.38041627
sgp,true,1975,21.84520866
shn,true,1975,5.387397678
shn,true,1975,6.054434364
slb,true,1975,2.221207814
slb,true,1975,1.87358029
sle,true,1975,3.198066852
sle,true,1975,2.85300812
slv,true,1975,0.731070681
slv,true,1975,0.637402365
smr,true,1975,41.113588
smr,true,1975,38.85853066
som,true,1975,0.34127363
som,true,1975,24.95709193
spm,true,1975,12.06662135
spm,true,1975,13.16447259
stp,true,1975,8.401928791
stp,true,1975,7.107553227
sur,true,1975,3.807438744
sur,true,1975,3.231724489
swe,true,1975,7.055833158
swe,true,1975,7.518518514
swz,true,1975,5.365693226
swz,true,1975,5.59348278
syc,true,1975,4.830901966
syc,true,1975,4.803969022
syr,true,1975,5.695904333
syr,true,1975,5.548377762
tca,true,1975,11.55433287
tca,true,1975,16.29206011
tcd,true,1975,1.540036348
tcd,true,1975,1.459734424
tgo,true,1975,6.070465842
tgo,true,1975,5.471004877
tha,true,1975,0.816162603
tha,true,1975,1.014279127
tkl,true,1975,10.64372212
tkl,true,1975,13.1748072
tls,true,1975,1.331489207
tls,true,1975,1.325466992
ton,true,1975,0.957168066
ton,true,1975,1.796901609
tto,true,1975,6.037349504
tto,true,1975,5.686452868
tun,true,1975,0.668935033
tun,true,1975,0.588269639
tur,true,1975,0.350708875
tur,true,1975,1.698809887
tuv,true,1975,4.512940564
tuv,true,1975,4.208043694
tza,true,1975,3.805986339
tza,true,1975,2.985692471
uga,true,1975,7.110538208
uga,true,1975,5.346407177
ury,true,1975,4.644065449
ury,true,1975,4.005344758
usa,true,1975,6.385584342
usa,true,1975,7.131430661
ussr,true,1975,1.246177739
ussr,true,1975,1.224950977
vct,true,1975,2.300738664
vct,true,1975,2.119821174
ven,true,1975,5.741162859
ven,true,1975,6.401245746
vgb,true,1975,33.49542334
vgb,true,1975,35.4446461
vir,true,1975,47.08117685
vir,true,1975,48.83215313
vnm,true,1975,0.009715621
vnm,true,1975,0.072961633
vut,true,1975,3.534468245
vut,true,1975,2.996884469
wlf,true,1975,2.29787234
wlf,true,1975,3.44377772
wsm,true,1975,2.488462101
wsm,true,1975,2.804172392
yem,true,1975,3.090489241
yem,true,1975,3.094657696
yug,true,1975,1.007511856
yug,true,1975,1.318671518
zaf,true,1975,3.744922032
zaf,true,1975,3.381921697
zmb,true,1975,6.064363434
zmb,true,1975,4.828374141
zwe,true,1975,7.858067807
zwe,true,1975,6.463962702
abw,true,1985,15.32531319
afg,true,1985,0.456501547
ago,true,1985,1.166553248
aia,true,1985,22.13285672
alb,true,1985,2.123257332
and,true,1985,68.12737242
ant,true,1985,15.24508294
are,true,1985,71.45874575
arg,true,1985,5.890199592
asm,true,1985,43.27427572
atg,true,1985,15.46274562
aus,true,1985,19.89494566
aut,true,1985,9.634424795
bdi,true,1985,7.030516494
bel,true,1985,8.88155874
ben,true,1985,1.64267894
bfa,true,1985,3.546857469
bgd,true,1985,0.817680046
bgr,true,1985,0.243805618
bhr,true,1985,33.14461774
bhs,true,1985,10.8844906
blz,true,1985,15.55025228
bmu,true,1985,25.80661903
bol,true,1985,0.989571887
bra,true,1985,0.693768711
brb,true,1985,7.854380532
brn,true,1985,27.52160285
btn,true,1985,4.261487715
bwa,true,1985,1.726299572
caf,true,1985,2.249065736
can,true,1985,15.09352701
chanisl,true,1985,28.77222667
che,true,1985,18.59726009
cheslo,true,1985,0.783605162
chl,true,1985,0.743940374
chn,true,1985,0.030756842
civ,true,1985,15.86542376
cmr,true,1985,2.356708227
cod,true,1985,2.309705628
cog,true,1985,4.694001254
cok,true,1985,13.68362214
col,true,1985,0.324472867
com,true,1985,3.724253801
cpv,true,1985,2.667885195
cri,true,1985,4.326125656
cub,true,1985,0.477188562
cym,true,1985,41.4958422
cyp,true,1985,6.374508147
deu,true,1985,
deu_east,true,1985,0.615855708
deu_west,true,1985,7.279890868
dji,true,1985,16.70337757
dma,true,1985,2.892198601
dnk,true,1985,3.828809714
dom,true,1985,3.969625647
dza,true,1985,1.306333526
ecu,true,1985,0.84773636
egy,true,1985,0.361110172
eri,true,1985,0.393352205
esh,true,1985,1.319064347
esp,true,1985,1.865679051
eth,true,1985,1.421840318
fin,true,1985,0.99591898
fji,true,1985,1.848846922
flk,true,1985,27.87325456
fra,true,1985,10.74657697
fro,true,1985,6.648229846
fsm,true,1985,4.782968989
gab,true,1985,13.89496469
gbm,true,1985,50.22260967
gbr,true,1985,6.252302335
gha,true,1985,3.801767616
gib,true,1985,33.82490468
gin,true,1985,0.583900004
glp,true,1985,12.74483567
gmb,true,1985,12.83714197
gnb,true,1985,1.372571422
gnq,true,1985,1.207867851
grc,true,1985,3.11306533
grd,true,1985,3.128913647
grl,true,1985,17.44682452
gtm,true,1985,1.027881202
guf,true,1985,41.67187305
gum,true,1985,50.08705551
guy,true,1985,0.662286881
hkg,true,1985,40.03393935
hnd,true,1985,1.956544475
hos,true,1985,100
hti,true,1985,0.256905178
hun,true,1985,3.204650909
idn,true,1985,0.365325957
ind,true,1985,1.049468507
irl,true,1985,6.366051118
irn,true,1985,5.897101975
irq,true,1985,0.693821564
isl,true,1985,2.940372331
isr,true,1985,37.11501557
ita,true,1985,2.202449737
jam,true,1985,0.954715487
jor,true,1985,34.83557448
jpn,true,1985,0.703653378
ken,true,1985,0.771921881
khm,true,1985,0.156160345
kir,true,1985,3.281384728
kna,true,1985,6.924468997
kor,true,1985,1.382359542
kwt,true,1985,72.133593
lao,true,1985,0.626487844
lbn,true,1985,12.02874394
lbr,true,1985,3.746416433
lby,true,1985,10.7524259
lca,true,1985,3.430652322
lie,true,1985,36.42928195
lka,true,1985,3.058939341
lso,true,1985,1.189763473
lux,true,1985,26.77439763
mac,true,1985,50.46705163
mar,true,1985,0.268944144
mco,true,1985,67.24503359
mdg,true,1985,0.495885652
mdv,true,1985,1.319208039
mex,true,1985,0.632355576
mhl,true,1985,3.650073054
mli,true,1985,2.036484117
mlt,true,1985,1.428446974
mmr,true,1985,0.355348452
mng,true,1985,0.318396597
mnp,true,1985,52.85067271
moz,true,1985,0.45703116
mrt,true,1985,2.493036777
msr,true,1985,15.24734982
mtq,true,1985,9.043228004
mus,true,1985,0.905520842
mwi,true,1985,3.919038663
mys,true,1985,5.794374973
myt,true,1985,13.04740661
nam,true,1985,7.689635377
ncl,true,1985,22.30404779
ner,true,1985,1.705857468
nga,true,1985,0.40858061
nic,true,1985,1.137692768
niu,true,1985,17.49356854
nld,true,1985,5.255703565
nor,true,1985,3.555878783
npl,true,1985,1.850733013
nru,true,1985,44.61990452
nzl,true,1985,14.66230991
omn,true,1985,18.47956747
pak,true,1985,6.396403372
pan,true,1985,2.495354601
pcn,true,1985,9.677419355
per,true,1985,0.316740832
phl,true,1985,0.264406644
plw,true,1985,9.609741784
png,true,1985,1.110146874
pol,true,1985,3.54797085
pri,true,1985,8.758379278
prk,true,1985,0.17552052
prt,true,1985,3.452425349
pry,true,1985,4.706385851
pse,true,1985,44.04925512
pyf,true,1985,13.63834873
qat,true,1985,78.16961748
reu,true,1985,7.872633732
rou,true,1985,0.746011984
rwa,true,1985,1.327216638
sau,true,1985,26.43240076
sdn,true,1985,5.853082627
sen,true,1985,2.610271722
sgp,true,1985,22.86540229
shn,true,1985,6.459627329
slb,true,1985,1.57090984
sle,true,1985,2.54579153
slv,true,1985,0.565283232
smr,true,1985,37.39915819
som,true,1985,12.17631111
spm,true,1985,15.14159437
stp,true,1985,6.020105535
sur,true,1985,3.883045789
swe,true,1985,7.833884167
swz,true,1985,5.80451976
syc,true,1985,5.132875485
syr,true,1985,5.804089008
tca,true,1985,26.39283834
tcd,true,1985,1.354195611
tgo,true,1985,4.669819302
tha,true,1985,0.773928547
tkl,true,1985,16.19585687
tls,true,1985,1.260930876
ton,true,1985,3.654969182
tto,true,1985,4.738919833
tun,true,1985,0.518799791
tur,true,1985,1.819137369
tuv,true,1985,3.824820892
tza,true,1985,2.510668811
uga,true,1985,4.280314356
ury,true,1985,3.445019858
usa,true,1985,8.100897175
ussr,true,1985,1.201757559
vct,true,1985,2.79747078
ven,true,1985,5.960735551
vgb,true,1985,40.83102078
vir,true,1985,47.78866728
vnm,true,1985,0.047087296
vut,true,1985,2.084390551
wlf,true,1985,5.244122966
wsm,true,1985,1.543382953
yem,true,1985,2.72317885
yug,true,1985,1.745707337
zaf,true,1985,5.48619991
zmb,true,1985,4.154875855
zwe,true,1985,5.808951764
afg,true,1990,0.478024988
alb,true,1990,2.011700305
dza,true,1990,1.057232756
asm,true,1990,45.2406258
and,true,1990,71.36908147
ago,true,1990,0.301198702
atg,true,1990,19.43107292
aze,true,1990,4.996880068
arg,true,1990,5.041039128
aus,true,1990,23.13413643
aut,true,1990,10.29302137
bhs,true,1990,10.47640225
bhr,true,1990,34.92571742
bgd,true,1990,0.831846493
arm,true,1990,18.58520973
brb,true,1990,9.226727707
bel,true,1990,8.934811256
bmu,true,1990,25.73895062
btn,true,1990,4.445710124
bol,true,1990,1.075778203
bih,true,1990,1.237023404
bwa,true,1990,1.993746983
bra,true,1990,0.530953063
blz,true,1990,16.21097082
slb,true,1990,1.355143034
vgb,true,1990,48.81827572
brn,true,1990,28.48925231
bgr,true,1990,0.243846835
mmr,true,1990,0.317908962
bdi,true,1990,5.934466995
blr,true,1990,12.20659768
khm,true,1990,0.425969735
cmr,true,1990,2.198310754
can,true,1990,15.66498834
cpv,true,1990,2.617096842
cym,true,1990,37.53448758
caf,true,1990,2.288558365
lka,true,1990,0.239809814
tcd,true,1990,1.2477631
chl,true,1990,0.818045412
chn,true,1990,0.032596494
col,true,1990,0.304266835
com,true,1990,3.391353362
myt,true,1990,16.06773581
cog,true,1990,5.430496211
cod,true,1990,2.157140374
cok,true,1990,14.68801453
cri,true,1990,13.48930263
hrv,true,1990,9.953952517
cub,true,1990,0.326542546
cyp,true,1990,5.714110546
cze,true,1990,1.069325816
ben,true,1990,1.523852637
dnk,true,1990,4.575365949
dma,true,1990,3.551488834
dom,true,1990,4.052969759
ecu,true,1990,0.769840924
slv,true,1990,0.901737635
gnq,true,1990,0.726091323
eth,true,1990,2.404202801
eri,true,1990,0.377435066
est,true,1990,24.40376409
fro,true,1990,8.921321646
flk,true,1990,42.90015053
fji,true,1990,1.823020315
fin,true,1990,1.268472869
fra,true,1990,10.35638452
guf,true,1990,54.94118257
pyf,true,1990,13.02112215
dji,true,1990,20.77330732
gab,true,1990,13.43947981
geo,true,1990,6.195620065
gmb,true,1990,12.88411679
pse,true,1990,13.72254131
deu,true,1990,7.518127589
gha,true,1990,1.126935124
gib,true,1990,32.45630381
kir,true,1990,2.985734212
grc,true,1990,6.101017032
grl,true,1990,16.93433808
grd,true,1990,4.427434933
glp,true,1990,16.91275099
gum,true,1990,53.459481
gtm,true,1990,2.885359435
gin,true,1990,6.689020799
guy,true,1990,0.568527327
hti,true,1990,0.268798841
hos,true,1990,100
hnd,true,1990,5.515051608
hkg,true,1990,38.28891926
hun,true,1990,3.346249001
isl,true,1990,3.760938665
ind,true,1990,0.860692478
idn,true,1990,0.256624867
irn,true,1990,7.64048857
irq,true,1990,0.478520556
irl,true,1990,6.397816961
isr,true,1990,36.28907701
ita,true,1990,2.505314337
civ,true,1990,14.93045855
jam,true,1990,0.858200541
jpn,true,1990,0.879862815
kaz,true,1990,21.89470108
jor,true,1990,34.13324528
ken,true,1990,1.267973626
prk,true,1990,0.168873934
kor,true,1990,0.100104128
kwt,true,1990,52.18449101
kgz,true,1990,14.1786942
lao,true,1990,0.538297238
lbn,true,1990,19.37437362
lso,true,1990,0.515794969
lva,true,1990,24.24964855
lbr,true,1990,4.515908444
lby,true,1990,10.39180215
lie,true,1990,37.94051139
ltu,true,1990,9.446061049
lux,true,1990,29.80588653
mac,true,1990,56.99945793
mdg,true,1990,0.207149243
mwi,true,1990,11.98559081
mys,true,1990,3.821406256
mdv,true,1990,3.893287451
mli,true,1990,1.895008002
mlt,true,1990,4.238600871
mtq,true,1990,10.79763877
mrt,true,1990,5.517217524
mus,true,1990,0.342183897
mex,true,1990,0.812613997
mco,true,1990,69.15891025
mng,true,1990,0.307580312
mda,true,1990,12.46901433
mne,true,1990,
msr,true,1990,18.75349357
mar,true,1990,0.220018911
moz,true,1990,0.914838957
omn,true,1990,16.77556991
nam,true,1990,8.523173245
nru,true,1990,30.74150923
npl,true,1990,2.294211706
nld,true,1990,7.926597265
nld_curacao,true,1990,
abw,true,1990,23.24129497
sxm,true,1990,
ncl,true,1990,22.35295514
vut,true,1990,1.573997668
nzl,true,1990,15.24773556
nic,true,1990,0.999405486
ner,true,1990,1.459374278
nga,true,1990,0.477550386
niu,true,1990,19.76843911
nor,true,1990,4.541744539
mnp,true,1990,60.4771218
fsm,true,1990,3.825352171
mhl,true,1990,2.44820296
plw,true,1990,18.56319173
pak,true,1990,5.769296732
pan,true,1990,2.539204617
png,true,1990,0.786935145
pry,true,1990,4.648696882
per,true,1990,0.297915512
phl,true,1990,0.248712858
pol,true,1990,2.952646635
prt,true,1990,4.406147062
gnb,true,1990,1.455016436
tls,true,1990,1.209622402
pri,true,1990,9.150382719
qat,true,1990,65.00887764
reu,true,1990,9.369748863
rou,true,1990,0.578240506
rus,true,1990,7.809894347
rwa,true,1990,2.202131206
shn,true,1990,6.924606762
kna,true,1990,7.861288664
aia,true,1990,30.837533
lca,true,1990,3.839195253
spm,true,1990,17.50278707
vct,true,1990,3.692714098
smr,true,1990,13.76585569
stp,true,1990,4.914814
sau,true,1990,30.55012901
sen,true,1990,3.598652738
srb,true,1990,1.042996868
syc,true,1990,5.268523369
sle,true,1990,5.653275024
sgp,true,1990,24.11026389
svk,true,1990,0.782441775
vnm,true,1990,0.041222934
svn,true,1990,8.874917768
som,true,1990,7.566009635
zaf,true,1990,3.163285135
zwe,true,1990,5.978394759
esp,true,1990,2.096356009
ssd,true,1990,
sdn,true,1990,7.011393585
esh,true,1990,1.239692291
sur,true,1990,4.416375197
swz,true,1990,8.355472408
swe,true,1990,9.215529143
che,true,1990,20.86153265
syr,true,1990,5.735355284
tjk,true,1990,8.0965989
tha,true,1990,0.934370119
tgo,true,1990,2.240435687
tkl,true,1990,16.78060907
ton,true,1990,3.059315621
tto,true,1990,4.146479593
are,true,1990,72.12830769
tun,true,1990,0.461374184
tur,true,1990,2.155189393
tkm,true,1990,8.356052345
tca,true,1990,43.82683983
tuv,true,1990,3.531763661
uga,true,1990,3.211545958
ukr,true,1990,13.41817947
yug,true,1990,4.766091231
egy,true,1990,0.3080078
gbr,true,1990,6.391662619
chanisl,true,1990,43.83339613
gbm,true,1990,49.44959609
tza,true,1990,2.254773785
usa,true,1990,9.195660425
vir,true,1990,50.33267799
bfa,true,1990,3.968399619
ury,true,1990,3.154868493
uzb,true,1990,8.057421485
ven,true,1990,5.160664162
wlf,true,1990,10.10086455
wsm,true,1990,2.061216345
yem,true,1990,0.993746478
zmb,true,1990,3.426552061
afg,true,1995,0.426423647
alb,true,1995,2.296757971
dza,true,1995,0.906550236
asm,true,1995,43.68498695
and,true,1995,63.46509224
ago,true,1995,0.305252009
atg,true,1995,25.6770399
aze,true,1995,4.42772603
arg,true,1995,4.558014847
aus,true,1995,22.91521492
aut,true,1995,11.22427875
bhs,true,1995,11.29890666
bhr,true,1995,36.53859117
bgd,true,1995,0.789287019
arm,true,1995,21.53154671
brb,true,1995,9.897268288
bel,true,1995,8.711724976
bmu,true,1995,26.59903659
btn,true,1995,5.496593613
bol,true,1995,1.10481218
bih,true,1995,1.790951821
bwa,true,1995,2.548260442
bra,true,1995,0.455627633
blz,true,1995,16.16045458
slb,true,1995,1.16302375
vgb,true,1995,54.52374491
brn,true,1995,28.72716179
bgr,true,1995,0.388065923
mmr,true,1995,0.254217475
bdi,true,1995,4.084817672
blr,true,1995,11.67631308
khm,true,1995,0.862409216
cmr,true,1995,1.772229232
can,true,1995,16.60363369
cpv,true,1995,2.564267286
cym,true,1995,45.21343774
caf,true,1995,2.989112188
lka,true,1995,0.223805493
tcd,true,1995,1.279472763
chl,true,1995,1.003361565
chn,true,1995,0.036014264
col,true,1995,0.28562325
com,true,1995,2.906537886
myt,true,1995,21.3635109
cog,true,1995,7.04209825
cod,true,1995,4.307271401
cok,true,1995,14.67358645
cri,true,1995,10.37581264
hrv,true,1995,14.60081763
cub,true,1995,0.240114476
cyp,true,1995,7.241266839
cze,true,1995,1.602158607
ben,true,1995,1.753708615
dnk,true,1995,5.792704252
dma,true,1995,4.373169672
dom,true,1995,4.097361772
ecu,true,1995,1.00600704
slv,true,1995,0.707439938
gnq,true,1995,0.809444786
eth,true,1995,1.409753855
eri,true,1995,0.391897209
est,true,1995,22.03337436
fro,true,1995,6.576112837
flk,true,1995,35.58835588
fji,true,1995,1.676471119
fin,true,1995,1.952340718
fra,true,1995,10.4561481
guf,true,1995,51.04148472
pyf,true,1995,13.17843866
dji,true,1995,15.09266711
gab,true,1995,14.07999823
geo,true,1995,5.495207062
gmb,true,1995,14.15815776
pse,true,1995,10.76156335
deu,true,1995,9.14611048
gha,true,1995,1.508735373
gib,true,1995,30.7165109
kir,true,1995,2.860010035
grc,true,1995,8.061614283
grl,true,1995,13.11616406
grd,true,1995,5.530009077
glp,true,1995,18.26917423
gum,true,1995,49.40300353
gtm,true,1995,1.507991327
gin,true,1995,9.849952302
guy,true,1995,0.874094359
hti,true,1995,0.287193826
hos,true,1995,99.74391805
hnd,true,1995,2.672837863
hkg,true,1995,39.77213435
hun,true,1995,3.112772283
isl,true,1995,4.762688163
ind,true,1995,0.723532003
idn,true,1995,0.192406654
irn,true,1995,4.87024971
irq,true,1995,0.986558401
irl,true,1995,6.224177599
isr,true,1995,33.61425472
ita,true,1995,3.107405066
civ,true,1995,14.41505824
jam,true,1995,0.912337219
jpn,true,1995,1.109463635
kaz,true,1995,20.3771677
jor,true,1995,35.57964778
ken,true,1995,2.260417962
prk,true,1995,0.161475523
kor,true,1995,0.277441643
kwt,true,1995,56.3186647
kgz,true,1995,11.11239108
lao,true,1995,0.484295894
lbn,true,1995,20.05346465
lso,true,1995,0.410759575
lva,true,1995,21.62763647
lbr,true,1995,10.02744816
lby,true,1995,10.41451338
lie,true,1995,43.17127753
ltu,true,1995,7.540822568
lux,true,1995,30.89712555
mac,true,1995,56.44972256
mdg,true,1995,0.15742025
mwi,true,1995,2.45982515
mys,true,1995,4.522803786
mdv,true,1995,7.285393789
mli,true,1995,1.827544076
mlt,true,1995,4.763810081
mtq,true,1995,12.63749675
mrt,true,1995,3.837330964
mus,true,1995,0.663875195
mex,true,1995,0.485612444
mco,true,1995,68.59934853
mng,true,1995,0.323058191
mda,true,1995,8.463333949
mne,true,1995,
msr,true,1995,15.7544957
mar,true,1995,0.18540684
moz,true,1995,1.057342626
omn,true,1995,24.62027754
nam,true,1995,6.974430152
nru,true,1995,26.12838516
npl,true,1995,3.226721824
nld,true,1995,8.71258277
nld_curacao,true,1995,
abw,true,1995,27.72950228
sxm,true,1995,
ncl,true,1995,23.07741097
vut,true,1995,1.46282603
nzl,true,1995,16.01728598
nic,true,1995,0.5771396
ner,true,1995,1.559499812
nga,true,1995,0.427023067
niu,true,1995,22.15043839
nor,true,1995,5.3512235
mnp,true,1995,56.28846622
fsm,true,1995,3.107218565
mhl,true,1995,2.900823207
plw,true,1995,27.52245726
pak,true,1995,2.992916405
pan,true,1995,2.587464049
png,true,1995,0.71090977
pry,true,1995,3.918835553
per,true,1995,0.23600218
phl,true,1995,0.296903964
pol,true,1995,2.499814728
prt,true,1995,5.286755448
gnb,true,1995,2.367816462
tls,true,1995,1.137617507
pri,true,1995,9.162578879
qat,true,1995,72.18748191
reu,true,1995,11.45570729
rou,true,1995,0.588008992
rus,true,1995,8.044146172
rwa,true,1995,3.944015945
shn,true,1995,7.452241347
kna,true,1995,9.904868495
aia,true,1995,33.82277965
lca,true,1995,4.86398259
spm,true,1995,20.94905571
vct,true,1995,3.824383567
smr,true,1995,14.1410628
stp,true,1995,3.926997311
sau,true,1995,27.1708479
sen,true,1995,3.30228892
srb,true,1995,6.376079431
syc,true,1995,6.711601893
sle,true,1995,2.745682626
sgp,true,1995,28.46959271
svk,true,1995,1.292628124
vnm,true,1995,0.068168482
svn,true,1995,8.758229403
som,true,1995,0.307684308
zaf,true,1995,2.423085437
zwe,true,1995,3.691012413
esp,true,1995,2.565285562
ssd,true,1995,
sdn,true,1995,4.266148064
esh,true,1995,1.18001437
sur,true,1995,4.995177534
swz,true,1995,2.598118386
swe,true,1995,10.60441478
che,true,1995,21.07482042
syr,true,1995,5.79550797
tjk,true,1995,6.022253226
tha,true,1995,1.366245038
tgo,true,1995,2.371060195
tkl,true,1995,17.5
ton,true,1995,3.414364526
tto,true,1995,3.664857638
are,true,1995,77.61570119
tun,true,1995,0.415482953
tur,true,1995,2.078135317
tkm,true,1995,6.532099971
tca,true,1995,45.90452589
tuv,true,1995,2.850330552
uga,true,1995,3.108906216
ukr,true,1995,12.14748036
yug,true,1995,5.597160852
egy,true,1995,0.267408128
gbr,true,1995,7.17620211
chanisl,true,1995,42.01249566
gbm,true,1995,51.10209058
tza,true,1995,3.69872866
usa,true,1995,10.68481704
vir,true,1995,50.68399708
bfa,true,1995,4.309745729
ury,true,1995,2.897165629
uzb,true,1995,6.667018991
ven,true,1995,4.596922457
wlf,true,1995,11.87866789
wsm,true,1995,2.758612584
yem,true,1995,0.894233496
zmb,true,1995,2.640485082
afg,true,2000,0.385327536
alb,true,2000,2.456625875
dza,true,2000,0.802054717
asm,true,2000,43.30864713
and,true,2000,64.44441046
ago,true,2000,0.30618971
atg,true,2000,29.71229137
aze,true,2000,4.034865853
arg,true,2000,4.156300218
aus,true,2000,22.95594484
aut,true,2000,12.37810655
bhs,true,2000,12.23736199
bhr,true,2000,35.89400994
bgd,true,2000,0.752473674
arm,true,2000,21.38748505
brb,true,2000,10.53372764
bel,true,2000,8.310648807
bmu,true,2000,27.59116108
btn,true,2000,5.696161025
bol,true,2000,1.111072207
bih,true,2000,2.187046354
bwa,true,2000,3.28600081
bra,true,2000,0.389447557
blz,true,2000,14.75383321
slb,true,2000,0.965474758
vgb,true,2000,58.41205251
brn,true,2000,29.13170012
bgr,true,2000,0.54196545
mmr,true,2000,0.205604006
bdi,true,2000,1.85645995
blr,true,2000,11.28998986
khm,true,2000,1.19762369
cmr,true,2000,1.433871894
can,true,2000,17.95300441
cpv,true,2000,2.513350823
cym,true,2000,46.18687777
caf,true,2000,3.315282036
lka,true,2000,0.213652815
tcd,true,2000,1.256394186
chl,true,2000,1.168935242
chn,true,2000,0.040003478
col,true,2000,0.271282822
com,true,2000,2.519463352
myt,true,2000,30.24965243
cog,true,2000,9.809443956
cod,true,2000,1.549235583
cok,true,2000,15.62324694
cri,true,2000,7.92128291
hrv,true,2000,13.21790604
cub,true,2000,0.160280124
cyp,true,2000,8.489038861
cze,true,2000,2.151308437
ben,true,2000,1.924348207
dnk,true,2000,6.950287199
dma,true,2000,5.343073236
dom,true,2000,4.153061509
ecu,true,2000,1.199840426
slv,true,2000,0.545662335
gnq,true,2000,0.850825774
eth,true,2000,0.920154797
eri,true,2000,0.366377042
est,true,2000,17.83317669
fro,true,2000,7.728377535
flk,true,2000,37.03575148
fji,true,2000,1.567879609
fin,true,2000,2.631188518
fra,true,2000,10.5725136
guf,true,2000,46.97723735
pyf,true,2000,12.78264571
dji,true,2000,13.90980982
gab,true,2000,15.88009562
geo,true,2000,4.608323104
gmb,true,2000,14.85226588
pse,true,2000,8.53662206
deu,true,2000,10.98055978
gha,true,2000,1.017801121
gib,true,2000,29.44682096
kir,true,2000,2.70478402
grc,true,2000,10.14845493
grl,true,2000,12.02513618
grd,true,2000,6.716197599
glp,true,2000,19.29413184
gum,true,2000,47.68618665
gtm,true,2000,0.41167251
gin,true,2000,6.365092597
guy,true,2000,1.160036539
hti,true,2000,0.302156856
hos,true,2000,100
hnd,true,2000,0.455880751
hkg,true,2000,39.34725751
hun,true,2000,2.904476897
isl,true,2000,5.651212244
ind,true,2000,0.608579705
idn,true,2000,0.138180206
irn,true,2000,4.257862354
irq,true,2000,0.893010492
irl,true,2000,9.125217945
isr,true,2000,30.7848016
ita,true,2000,3.712679568
civ,true,2000,12.07253468
jam,true,2000,0.959657243
jpn,true,2000,1.341583243
kaz,true,2000,19.19732798
jor,true,2000,40.43743482
ken,true,2000,2.250508759
prk,true,2000,0.158417928
kor,true,2000,0.52845208
kwt,true,2000,58.44299212
kgz,true,2000,7.862155262
lao,true,2000,0.410789763
lbn,true,2000,21.41674239
lso,true,2000,0.332233431
lva,true,2000,18.13963511
lbr,true,2000,5.251372076
lby,true,2000,10.63158952
lie,true,2000,46.52064179
ltu,true,2000,6.147104742
lux,true,2000,32.04488807
mac,true,2000,55.75065929
mdg,true,2000,0.149515926
mwi,true,2000,2.078220496
mys,true,2000,5.453381918
mdv,true,2000,9.662462908
mli,true,2000,1.715183029
mlt,true,2000,5.558396611
mtq,true,2000,14.07996527
mrt,true,2000,2.115717183
mus,true,2000,1.311487306
mex,true,2000,0.523352183
mco,true,2000,67.91247156
mng,true,2000,0.342282053
mda,true,2000,5.899138509
mne,true,2000,
msr,true,2000,24.43502825
mar,true,2000,0.183188211
moz,true,2000,1.071486295
omn,true,2000,27.8470646
nam,true,2000,7.081471459
nru,true,2000,23.83987254
npl,true,2000,3.023991639
nld,true,2000,9.791968248
nld_curacao,true,2000,
abw,true,2000,33.13302076
sxm,true,2000,
ncl,true,2000,23.6436711
vut,true,2000,1.419014579
nzl,true,2000,17.59387844
nic,true,2000,0.604540629
ner,true,2000,1.089222232
nga,true,2000,0.397049977
niu,true,2000,26.21052632
nor,true,2000,6.510860785
mnp,true,2000,58.62875179
fsm,true,2000,2.900493345
mhl,true,2000,3.625313932
plw,true,2000,32.9091478
pak,true,2000,3.024880484
pan,true,2000,2.753940486
png,true,2000,0.467077815
pry,true,2000,3.330527846
per,true,2000,0.255810611
phl,true,2000,0.408168649
pol,true,2000,2.144271839
prt,true,2000,6.3381752
gnb,true,2000,1.554595178
tls,true,2000,1.251438588
pri,true,2000,9.350534016
qat,true,2000,60.61086556
reu,true,2000,13.66587441
rou,true,2000,0.573699397
rus,true,2000,8.128565367
rwa,true,2000,4.3266194
shn,true,2000,7.920985723
kna,true,2000,12.89083084
aia,true,2000,36.69948514
lca,true,2000,6.28739272
spm,true,2000,23.2498804
vct,true,2000,3.991769929
smr,true,2000,14.75200584
stp,true,2000,3.182321892
sau,true,2000,24.60415029
sen,true,2000,2.351799256
srb,true,2000,9.053527383
syc,true,2000,8.10064815
sle,true,2000,2.419306579
sgp,true,2000,34.49790375
svk,true,2000,2.160686884
vnm,true,2000,0.070690169
svn,true,2000,8.599694668
som,true,2000,0.271981971
zaf,true,2000,2.231392327
zwe,true,2000,3.280332986
esp,true,2000,4.066977016
ssd,true,2000,
sdn,true,2000,2.855742861
esh,true,2000,1.076190632
sur,true,2000,5.721464958
swz,true,2000,2.148601834
swe,true,2000,11.31386236
che,true,2000,21.92084633
syr,true,2000,5.089094139
tjk,true,2000,4.837676152
tha,true,2000,2.006307785
tgo,true,2000,2.828687098
tkl,true,2000,16.8814433
ton,true,2000,3.76310037
tto,true,2000,3.292875282
are,true,2000,80.21548604
tun,true,2000,0.375763259
tur,true,2000,2.025553162
tkm,true,2000,4.853980489
tca,true,2000,47.75905912
tuv,true,2000,2.303853912
uga,true,2000,2.671574731
ukr,true,2000,11.33848213
yug,true,2000,6.245617035
egy,true,2000,0.253826357
gbr,true,2000,8.035341836
chanisl,true,2000,43.23482938
gbm,true,2000,50.77988699
tza,true,2000,2.730616603
usa,true,2000,12.30631924
vir,true,2000,52.17074767
bfa,true,2000,4.480026782
ury,true,2000,2.675836329
uzb,true,2000,5.731451489
ven,true,2000,4.14053041
wlf,true,2000,13.89942747
wsm,true,2000,3.435005211
yem,true,2000,0.806368272
zmb,true,2000,3.034107935
afg,true,2005,0.357787648
alb,true,2005,2.100434369
dza,true,2005,0.744071903
asm,true,2005,40.99159294
and,true,2005,61.92580919
ago,true,2005,0.342372571
atg,true,2005,29.96548174
aze,true,2005,3.529206514
arg,true,2005,4.274024817
aus,true,2005,24.0601862
aut,true,2005,13.798295
bhs,true,2005,13.84843414
bhr,true,2005,46.59878618
bgd,true,2005,0.81627382
arm,true,2005,15.55993084
brb,true,2005,11.17611208
bel,true,2005,8.245677955
bmu,true,2005,28.06338677
btn,true,2005,6.185701583
bol,true,2005,1.180714719
bih,true,2005,1.233168561
bwa,true,2005,4.765496622
bra,true,2005,0.338807606
blz,true,2005,14.62303948
slb,true,2005,0.696986614
vgb,true,2005,59.59687513
brn,true,2005,27.20198735
bgr,true,2005,0.794963797
mmr,true,2005,0.166100814
bdi,true,2005,2.178842438
blr,true,2005,11.48248203
khm,true,2005,0.856084861
cmr,true,2005,1.42735706
can,true,2005,18.84586509
cpv,true,2005,2.678059314
cym,true,2005,44.53653621
caf,true,2005,2.328849337
lka,true,2005,0.202423324
tcd,true,2005,3.496865096
chl,true,2005,1.698398994
chn,true,2005,0.052002656
col,true,2005,0.24860903
com,true,2005,2.135195076
myt,true,2005,35.47160913
cog,true,2005,8.998865572
cod,true,2005,1.110490556
cok,true,2005,16.89262333
cri,true,2005,8.43192651
hrv,true,2005,13.23128347
cub,true,2005,0.151167049
cyp,true,2005,11.34675465
cze,true,2005,3.152613407
ben,true,2005,2.095959577
dnk,true,2005,8.128609009
dma,true,2005,6.725071589
dom,true,2005,4.070347543
ecu,true,2005,1.364403601
slv,true,2005,0.605645744
gnq,true,2005,1.052621488
eth,true,2005,0.671260321
eri,true,2005,0.341519152
est,true,2005,17.23888403
fro,true,2005,9.481349691
flk,true,2005,39.63290279
fji,true,2005,1.51310506
fin,true,2005,3.662895931
fra,true,2005,11.0016541
guf,true,2005,42.49146171
pyf,true,2005,12.66693869
dji,true,2005,11.83071559
gab,true,2005,15.54119426
geo,true,2005,4.464643833
gmb,true,2005,12.6275388
pse,true,2005,7.448521593
deu,true,2005,12.67638833
gha,true,2005,1.423295546
gib,true,2005,31.67469051
kir,true,2005,2.693628221
grc,true,2005,10.75648922
grl,true,2005,11.7395045
grd,true,2005,6.704160232
glp,true,2005,19.75880788
gum,true,2005,47.18593948
gtm,true,2005,0.434269946
gin,true,2005,2.374707352
guy,true,2005,1.46371356
hti,true,2005,0.328906993
hos,true,2005,99.37343358
hnd,true,2005,0.405149225
hkg,true,2005,39.76980518
hun,true,2005,3.633006219
isl,true,2005,8.5905407
ind,true,2005,0.517653228
idn,true,2005,0.127983196
irn,true,2005,3.663509009
irq,true,2005,0.491955055
irl,true,2005,14.01256036
isr,true,2005,28.61289248
ita,true,2005,6.742189449
civ,true,2005,11.08948903
jam,true,2005,0.907954328
jpn,true,2005,1.585238425
kaz,true,2005,20.08161922
jor,true,2005,43.60438494
ken,true,2005,2.141201006
prk,true,2005,0.168380525
kor,true,2005,1.019928995
kwt,true,2005,58.90283813
kgz,true,2005,6.116681361
lao,true,2005,0.354585856
lbn,true,2005,18.98193192
lso,true,2005,0.326610047
lva,true,2005,16.91200996
lbr,true,2005,2.666474197
lby,true,2005,10.77665028
lie,true,2005,54.22357397
ltu,true,2005,6.01833296
lux,true,2005,32.89701582
mac,true,2005,59.66220156
mdg,true,2005,0.142468227
mwi,true,2005,1.738811404
mys,true,2005,6.676755004
mdv,true,2005,14.77040214
mli,true,2005,1.993551314
mlt,true,2005,6.184933542
mtq,true,2005,14.36422066
mrt,true,2005,1.842656845
mus,true,2005,1.607766247
mex,true,2005,0.649203275
mco,true,2005,63.03833412
mng,true,2005,0.45419516
mda,true,2005,4.183964863
mne,true,2005,
msr,true,2005,26.04144861
mar,true,2005,0.178963774
moz,true,2005,0.969532547
omn,true,2005,26.57315376
nam,true,2005,5.242853323
nru,true,2005,22.27385072
npl,true,2005,2.663821993
nld,true,2005,10.63044717
nld_curacao,true,2005,
abw,true,2005,32.52991573
sxm,true,2005,40.27299557
ncl,true,2005,24.22786128
vut,true,2005,1.337313433
nzl,true,2005,20.31470731
nic,true,2005,0.649114657
ner,true,2005,0.922929003
nga,true,2005,0.46415941
niu,true,2005,30.96085409
nor,true,2005,7.809552313
mnp,true,2005,58.32038775
fsm,true,2005,2.735456412
mhl,true,2005,4.642898306
plw,true,2005,30.35615613
pak,true,2005,2.067818723
pan,true,2005,3.541799915
png,true,2005,0.492319167
pry,true,2005,2.902997208
per,true,2005,0.280839767
phl,true,2005,0.298890058
pol,true,2005,1.878426916
prt,true,2005,7.358566271
gnb,true,2005,1.417570879
tls,true,2005,1.140579507
pri,true,2005,9.362685758
qat,true,2005,77.19052148
reu,true,2005,14.53710324
rou,true,2005,0.678085685
rus,true,2005,8.12378467
rwa,true,2005,4.804462142
shn,true,2005,11.39447824
kna,true,2005,13.59816032
aia,true,2005,37.06575928
lca,true,2005,6.933201134
spm,true,2005,18.32561112
vct,true,2005,4.041416473
smr,true,2005,14.42445797
stp,true,2005,2.241651757
sau,true,2005,26.27503967
sen,true,2005,2.11463419
srb,true,2005,9.19940109
syc,true,2005,10.13780748
sle,true,2005,2.950246595
sgp,true,2005,38.05098886
svk,true,2005,2.423144802
vnm,true,2005,0.061479398
svn,true,2005,9.880983029
som,true,2005,0.244126035
zaf,true,2005,2.504368348
zwe,true,2005,3.024340406
esp,true,2005,9.36551906
ssd,true,2005,
sdn,true,2005,1.694260548
esh,true,2005,0.909575438
sur,true,2005,6.84229033
swz,true,2005,2.453011926
swe,true,2005,12.46699534
che,true,2005,24.3694497
syr,true,2005,4.833274343
tjk,true,2005,4.120749583
tha,true,2005,3.284719857
tgo,true,2005,3.645948644
tkl,true,2005,21.32231405
ton,true,2005,4.264411351
tto,true,2005,3.455228605
are,true,2005,73.20512203
tun,true,2005,0.34684563
tur,true,2005,1.944037733
tkm,true,2005,4.487325708
tca,true,2005,37.59924386
tuv,true,2005,1.887765628
uga,true,2005,2.328501474
ukr,true,2005,10.79232444
yug,true,2005,6.249320816
egy,true,2005,0.36561685
gbr,true,2005,9.842476032
chanisl,true,2005,45.97661668
gbm,true,2005,51.62113386
tza,true,2005,1.973209166
usa,true,2005,13.25668312
vir,true,2005,52.56384084
bfa,true,2005,4.447736238
ury,true,2005,2.475276701
uzb,true,2005,5.128202853
ven,true,2005,3.999243158
wlf,true,2005,16.6011512
wsm,true,2005,3.193499622
yem,true,2005,0.834323975
zmb,true,2005,2.098618261
afg,true,2010,0.365657832
alb,true,2010,1.818956864
dza,true,2010,0.67977278
asm,true,2010,42.33769502
and,true,2010,61.66028975
ago,true,2010,0.36074065
atg,true,2010,30.27753259
aze,true,2010,3.042903911
arg,true,2010,4.380958388
aus,true,2010,26.54431424
aut,true,2010,15.20488714
bhs,true,2010,15.16947039
bhr,true,2010,52.15619522
bgd,true,2010,0.887465112
arm,true,2010,7.476305013
brb,true,2010,11.74141348
bel,true,2010,9.632626891
bmu,true,2010,29.52747287
btn,true,2010,6.722703076
bol,true,2010,1.23858606
bih,true,2010,1.011457378
bwa,true,2010,5.904393478
bra,true,2010,0.298351264
blz,true,2010,14.41501948
slb,true,2010,0.524538321
vgb,true,2010,57.15020387
brn,true,2010,25.57500343
bgr,true,2010,1.029889851
mmr,true,2010,0.147708389
bdi,true,2010,2.486588
blr,true,2010,11.48718906
khm,true,2010,0.570727951
cmr,true,2010,1.403990527
can,true,2010,20.54501101
cpv,true,2010,2.930998269
cym,true,2010,43.33891801
caf,true,2010,2.102734932
lka,true,2010,0.192853811
tcd,true,2010,3.504629139
chl,true,2010,2.171231019
chn,true,2010,0.063376645
col,true,2010,0.270636192
com,true,2010,1.805938213
myt,true,2010,34.8581613
cog,true,2010,10.32073167
cod,true,2010,0.893177895
cok,true,2010,18.5811477
cri,true,2010,8.919244235
hrv,true,2010,13.28061996
cub,true,2010,0.13103843
cyp,true,2010,17.02686908
cze,true,2010,3.786042643
ben,true,2010,2.200540958
dnk,true,2010,9.182917762
dma,true,2010,8.100664634
dom,true,2010,3.977780119
ecu,true,2010,2.178591966
slv,true,2010,0.667803189
gnq,true,2010,1.188126964
eth,true,2010,0.648364823
eri,true,2010,0.334267018
est,true,2010,16.35701518
fro,true,2010,10.4927214
flk,true,2010,50.28011204
fji,true,2010,1.552528513
fin,true,2010,4.622749475
fra,true,2010,11.43003678
guf,true,2010,41.18479865
pyf,true,2010,11.80310746
dji,true,2010,12.22613812
gab,true,2010,15.82374366
geo,true,2010,4.286972734
gmb,true,2010,10.97240287
pse,true,2010,6.341753548
deu,true,2010,14.42860161
gha,true,2010,1.38588982
gib,true,2010,33.74007549
kir,true,2010,2.794014496
grc,true,2010,11.35985666
grl,true,2010,11.01050472
grd,true,2010,6.66813149
glp,true,2010,20.78314967
gum,true,2010,47.30055193
gtm,true,2010,0.450602932
gin,true,2010,1.862544843
guy,true,2010,1.74232308
hti,true,2010,0.351053445
hos,true,2010,100
hnd,true,2010,0.363652113
hkg,true,2010,39.75008472
hun,true,2010,4.359780333
isl,true,2010,11.03344841
ind,true,2010,0.441598735
idn,true,2010,0.12640704
irn,true,2010,3.719105124
irq,true,2010,0.380291586
irl,true,2010,15.82172743
isr,true,2010,26.28730812
ita,true,2010,9.7131844
civ,true,2010,10.4073887
jam,true,2010,0.863729105
jpn,true,2010,1.676212943
kaz,true,2010,20.44448453
jor,true,2010,41.77692181
ken,true,2010,2.298531555
prk,true,2010,0.179628943
kor,true,2010,1.872630337
kwt,true,2010,61.17187503
kgz,true,2010,4.236584527
lao,true,2010,0.338389124
lbn,true,2010,18.92150063
lso,true,2010,0.319011472
lva,true,2010,15.00995686
lbr,true,2010,2.504528814
lby,true,2010,10.91655086
lie,true,2010,61.58892932
ltu,true,2010,5.148270722
lux,true,2010,32.12158562
mac,true,2010,59.57547893
mdg,true,2010,0.137123538
mwi,true,2010,1.474100165
mys,true,2010,8.556379025
mdv,true,2010,22.13154927
mli,true,2010,2.219296188
mlt,true,2010,8.028849887
mtq,true,2010,15.0941245
mrt,true,2010,2.357827031
mus,true,2010,1.990142241
mex,true,2010,0.817364771
mco,true,2010,57.35377935
mng,true,2010,0.59207633
mda,true,2010,3.860170308
mne,true,2010,12.62267828
msr,true,2010,25.78235413
mar,true,2010,0.220847067
moz,true,2010,0.882397794
omn,true,2010,27.72728091
nam,true,2010,4.668261882
nru,true,2010,21.06733167
npl,true,2010,2.153069422
nld,true,2010,11.01826159
nld_curacao,true,2010,23.45923241
abw,true,2010,33.78741498
sxm,true,2010,79.09433962
ncl,true,2010,24.82615844
vut,true,2010,1.265769216
nzl,true,2010,21.68544621
nic,true,2010,0.65065892
ner,true,2010,0.776234211
nga,true,2010,0.577148809
niu,true,2010,33.62122147
nor,true,2010,10.77023036
mnp,true,2010,44.87189009
fsm,true,2010,2.707032494
mhl,true,2010,5.89188983
plw,true,2010,28.27063996
pak,true,2010,2.31798117
pan,true,2010,4.344945154
png,true,2010,0.37128787
pry,true,2010,2.581355476
per,true,2010,0.286195339
phl,true,2010,0.224206214
pol,true,2010,1.665385083
prt,true,2010,7.206771347
gnb,true,2010,1.2887683
tls,true,2010,1.038952931
pri,true,2010,8.220917704
qat,true,2010,82.49234075
reu,true,2010,14.81356169
rou,true,2010,0.768428222
rus,true,2010,7.819823034
rwa,true,2010,4.243258648
shn,true,2010,13.63527438
kna,true,2010,13.83901284
aia,true,2010,37.06420686
lca,true,2010,6.820859428
spm,true,2010,16.20975454
vct,true,2010,4.102784588
smr,true,2010,14.33365917
stp,true,2010,1.58005618
sau,true,2010,30.0098321
sen,true,2010,1.976507918
srb,true,2010,9.118686449
syc,true,2010,12.26888409
sle,true,2010,1.687216992
sgp,true,2010,42.62277265
svk,true,2010,2.706155251
vnm,true,2010,0.069893114
svn,true,2010,12.36484643
som,true,2010,0.250424924
zaf,true,2010,3.764120496
zwe,true,2010,2.847387525
esp,true,2010,13.47610287
ssd,true,2010,2.56456661
sdn,true,2010,1.601453251
esh,true,2010,0.87742767
sur,true,2010,7.664516029
swz,true,2010,2.554251442
swe,true,2010,14.76108676
che,true,2010,26.5011556
syr,true,2010,8.020626042
tjk,true,2010,3.668730585
tha,true,2010,4.834357704
tgo,true,2010,3.994178553
tkl,true,2010,37.79735683
ton,true,2010,4.831308263
tto,true,2010,3.63121614
are,true,2010,87.84023393
tun,true,2010,0.405782618
tur,true,2010,1.890507724
tkm,true,2010,3.926600483
tca,true,2010,35.08856839
tuv,true,2010,1.567111021
uga,true,2010,1.5962875
ukr,true,2010,10.55647586
yug,true,2010,6.28870713
egy,true,2010,0.360446632
gbr,true,2010,12.12529508
chanisl,true,2010,48.61482739
gbm,true,2010,51.52205106
tza,true,2010,0.676034987
usa,true,2010,14.25848364
vir,true,2010,53.28345021
bfa,true,2010,4.311036046
ury,true,2010,2.260036854
uzb,true,2010,4.398555806
ven,true,2010,4.59201169
wlf,true,2010,20.46443052
wsm,true,2010,2.753334158
yem,true,2010,1.211585873
zmb,true,2010,1.075176259
afg,true,2015,1.175546927
alb,true,2015,1.98903641
dza,true,2015,0.611072023
asm,true,2015,41.80200943
and,true,2015,59.7136492
ago,true,2015,0.42700468
atg,true,2015,30.58550611
aze,true,2015,2.709061584
arg,true,2015,4.805292335
aus,true,2015,28.21840969
aut,true,2015,17.46572625
bhs,true,2015,15.28430309
bhr,true,2015,51.12678501
bgd,true,2015,0.883753735
arm,true,2015,6.335892888
brb,true,2015,12.12990166
bel,true,2015,12.28353319
bmu,true,2015,30.84639701
btn,true,2015,6.595769395
bol,true,2015,1.333267442
bih,true,2015,0.91336484
bwa,true,2015,7.100334367
bra,true,2015,0.3433132
blz,true,2015,14.99080123
slb,true,2015,0.442947201
vgb,true,2015,57.46920344
brn,true,2015,24.27597191
bgr,true,2015,1.428196392
mmr,true,2015,0.136014603
bdi,true,2015,2.565632229
blr,true,2015,11.40401056
khm,true,2015,0.474794451
cmr,true,2015,1.636313704
can,true,2015,21.80166365
cpv,true,2015,2.867232018
cym,true,2015,39.56509414
caf,true,2015,1.665172192
lka,true,2015,0.186850018
tcd,true,2015,3.682771371
chl,true,2015,2.615513217
chn,true,2015,0.071076396
col,true,2015,0.276047227
com,true,2015,1.592316297
myt,true,2015,32.07799513
cog,true,2015,8.505799369
cod,true,2015,0.706246281
cok,true,2015,19.92991888
cri,true,2015,8.771009911
hrv,true,2015,13.60471399
cub,true,2015,0.117089665
cyp,true,2015,16.83403415
cze,true,2015,3.84222568
ben,true,2015,2.255540965
dnk,true,2015,10.09899135
dma,true,2015,9.246009906
dom,true,2015,3.947079853
ecu,true,2015,2.400299101
slv,true,2015,0.686271613
gnq,true,2015,1.280974132
eth,true,2015,1.079526012
eri,true,2015,0.304928028
est,true,2015,15.41630922
fro,true,2015,11.44629557
flk,true,2015,54.11643128
fji,true,2015,1.541341374
fin,true,2015,5.739683257
fra,true,2015,12.08847938
guf,true,2015,39.50321288
pyf,true,2015,10.63006606
dji,true,2015,12.65412041
gab,true,2015,15.55585953
geo,true,2015,4.220248352
gmb,true,2015,9.670886483
pse,true,2015,5.473039752
deu,true,2015,14.8790513
gha,true,2015,1.457397152
gib,true,2015,34.34522147
kir,true,2015,2.80458625
grc,true,2015,11.34237737
grl,true,2015,10.69483501
grd,true,2015,6.606131524
glp,true,2015,21.02828477
gum,true,2015,44.78853342
gtm,true,2015,0.467187672
gin,true,2015,1.811566559
guy,true,2015,2.005514382
hti,true,2015,0.3690482
hos,true,2015,100
hnd,true,2015,0.347613516
hkg,true,2015,38.94993992
hun,true,2015,4.562465252
isl,true,2015,11.3901495
ind,true,2015,0.399752709
idn,true,2015,0.127675543
irn,true,2015,3.446397535
irq,true,2015,0.971576098
irl,true,2015,15.91693657
isr,true,2015,24.94690004
ita,true,2015,9.680767742
civ,true,2015,9.582598655
jam,true,2015,0.829367047
jpn,true,2015,1.614775057
kaz,true,2015,20.12330509
jor,true,2015,40.9771116
ken,true,2015,2.354722885
prk,true,2015,0.192635219
kor,true,2015,2.639159354
kwt,true,2015,73.63955073
kgz,true,2015,3.440796423
lao,true,2015,0.327020359
lbn,true,2015,34.1456803
lso,true,2015,0.307818842
lva,true,2015,13.35324026
lbr,true,2015,2.526491982
lby,true,2015,12.28244987
lie,true,2015,62.59625376
ltu,true,2015,4.726089623
lux,true,2015,43.96413394
mac,true,2015,58.32190277
mdg,true,2015,0.132347777
mwi,true,2015,1.249811795
mys,true,2015,8.289348916
mdv,true,2015,25.87218175
mli,true,2015,2.063359738
mlt,true,2015,9.898488069
mtq,true,2015,15.57192407
mrt,true,2015,3.396676733
mus,true,2015,2.24510922
mex,true,2015,0.939364727
mco,true,2015,55.76846625
mng,true,2015,0.595444478
mda,true,2015,3.512106598
mne,true,2015,13.19007768
msr,true,2015,26.36097561
mar,true,2015,0.257467738
moz,true,2015,0.796801385
omn,true,2015,41.08587362
nam,true,2015,3.818401435
nru,true,2015,31.0898063
npl,true,2015,1.817645553
nld,true,2015,11.69568274
nld_curacao,true,2015,23.92511593
abw,true,2015,34.76210186
sxm,true,2015,70.44779972
ncl,true,2015,24.43390418
vut,true,2015,1.204222904
nzl,true,2015,22.95970035
nic,true,2015,0.661982706
ner,true,2015,0.951072208
nga,true,2015,0.658124088
niu,true,2015,34.59627329
nor,true,2015,14.23561116
mnp,true,2015,39.30996913
fsm,true,2015,2.638330461
mhl,true,2015,6.197044893
plw,true,2015,26.60278991
pak,true,2015,1.920846061
pan,true,2015,4.701027527
png,true,2015,0.338376609
pry,true,2015,2.356666686
per,true,2015,0.289645141
phl,true,2015,0.210390539
pol,true,2015,1.604180837
prt,true,2015,8.089593589
gnb,true,2015,1.210903718
tls,true,2015,0.914442949
pri,true,2015,7.465496392
qat,true,2015,75.49762789
reu,true,2015,14.77192233
rou,true,2015,1.163134803
rus,true,2015,8.11621786
rwa,true,2015,3.803080984
shn,true,2015,15.24867458
kna,true,2015,13.39343554
aia,true,2015,37.42986178
lca,true,2015,6.903280558
spm,true,2015,15.68066158
vct,true,2015,4.181359741
smr,true,2015,14.84220132
stp,true,2015,1.25772286
sau,true,2015,32.29494249
sen,true,2015,1.739951417
srb,true,2015,9.122622084
syc,true,2015,13.25890682
sle,true,2015,1.413457295
sgp,true,2015,45.39179191
svk,true,2015,3.265417899
vnm,true,2015,0.077897131
svn,true,2015,11.41296409
som,true,2015,0.234455884
zaf,true,2015,5.767090449
zwe,true,2015,2.556382525
esp,true,2015,12.69023719
ssd,true,2015,6.67856204
sdn,true,2015,1.251344542
esh,true,2015,0.90456562
sur,true,2015,8.625811501
swz,true,2015,2.453747951
swe,true,2015,16.76755875
che,true,2015,29.38668554
syr,true,2015,4.730134388
tjk,true,2015,3.242910896
tha,true,2015,5.758232652
tgo,true,2015,3.79000676
tkl,true,2015,38.96
ton,true,2015,5.397946689
tto,true,2015,3.66763033
are,true,2015,88.40404837
tun,true,2015,0.503849717
tur,true,2015,3.769001103
tkm,true,2015,3.654711583
tca,true,2015,34.03710067
tuv,true,2015,1.421944332
uga,true,2015,1.920126168
ukr,true,2015,10.78646116
yug,true,2015,6.289774173
egy,true,2015,0.537267287
gbr,true,2015,13.20097825
chanisl,true,2015,50.28162647
gbm,true,2015,51.51629073
tza,true,2015,0.48853553
usa,true,2015,14.49065352
vir,true,2015,53.36387841
bfa,true,2015,3.892039853
ury,true,2015,2.092316749
uzb,true,2015,3.91690324
ven,true,2015,4.514736572
wlf,true,2015,21.66375181
wsm,true,2015,2.550872544
yem,true,2015,1.282529228
zmb,true,2015,0.78902565